{"BLEU": [0.24652670241669633, 0.9056571492724063, 0.22164727559487946, 0.12109668922102237, 0.706957794390184, 0.37696536148840065, 0.9065623072175546, 0.6981619449602138, 0.9024160086232877, 0.9033333895087289, 0.6575542187476481, 0.4091962951926538, 0.9033333895087289, 0.6575542187476481, 0.74527607150368, 0.9064233640817938, 0.5852898616080632, 0.595166150664044, 0.4045177985292532, 0.4965652332488577, 0.5984026275024485, 0.3721274735820224, 0.9076454315987186, 0.8654956970337692, 0.34300100515181065, 0.24570187312366984, 0.7039774726125119, 0.26800944246817354, 0.8953699916836614, 0.4868902491877297, 0.6195122809262837, 0.39455596772673635, 0.2956040700888827, 0.46238698264444134, 0.9014442811869183, 0.6385742347406383, 0.9055666304741092, 0.3729453568231916, 0.45123462958720006, 0.8987892965035668, 0.4943993678977575, 0.7690677482162085, 0.5330960405460567, 0.44831386364446424, 0.4364615330903914, 0.5600235824923572, 0.9019677155401815, 0.6114556737676389, 0.5126983977689603, 0.38885236498137943], "METEOR": [0.6823538692703311, 0.9164650533438677, 0.5954745624850262, 0.6681961722488038, 0.8816854057227694, 0.814457406527093, 0.9122653373534689, 0.8565704572780879, 0.9109723301596857, 0.9147434630299363, 0.8634943064435704, 0.7324633326534638, 0.9147434630299363, 0.8634943064435704, 0.8694556451612904, 0.9168432231330363, 0.8079133951042725, 0.8526444347333854, 0.7702181884311549, 0.7668867226621591, 0.8350192026991459, 0.6721308658692134, 0.9102951728725358, 0.9070877147560832, 0.7136276268930294, 0.6238212941617486, 0.8879431528578081, 0.7091536599998848, 0.906821919629784, 0.7933009253158352, 0.8377133026017383, 0.7822074501454601, 0.6085103844141924, 0.7886654809798788, 0.9107874579125237, 0.8221378368308992, 0.9254051361099478, 0.8169828406618322, 0.7790137965139923, 0.9094701271547772, 0.7639574380072233, 0.9146632167189146, 0.8236981371873145, 0.8497819748502236, 0.828048578407108, 0.8675230310107692, 0.9107287878556068, 0.8298930248916534, 0.8061504205677457, 0.7329595331291521], "ROUGE": [0.4155528554070474, 0.8929503916449085, 0.3588667366211962, 0.2651162790697674, 0.7737556561085972, 0.5728643216080401, 0.9047619047619048, 0.7549668874172187, 0.9268292682926829, 0.9168900804289545, 0.7668161434977578, 0.5237366003062787, 0.9168900804289545, 0.7668161434977578, 0.7953488372093024, 0.9047619047619048, 0.7110187110187111, 0.7323340471092076, 0.5709515859766278, 0.6173285198555957, 0.7051546391752577, 0.4949348769898698, 0.8976377952755906, 0.8658227848101265, 0.5112107623318386, 0.41911764705882354, 0.7755102040816327, 0.44300518134715033, 0.9023746701846964, 0.6085409252669038, 0.7230443974630022, 0.5570032573289901, 0.41254523522316044, 0.6096256684491979, 0.9318801089918256, 0.7080745341614907, 0.9095744680851063, 0.5681063122923588, 0.5816326530612245, 0.9421487603305785, 0.6465028355387524, 0.8142857142857143, 0.6576923076923077, 0.6392523364485982, 0.6539196940726578, 0.7245762711864407, 0.9268292682926829, 0.6979591836734693, 0.6218181818181818, 0.5269645608628659]}