{"BLEU": [0.20084570594589074, 0.5011382850004524, 0.15621193081585663, 0.02527617776184284, 0.508922749320855, 0.4004308806986016, 0.500330938390223, 0.509432884663176, 0.49806810558028025, 0.499921917399069, 0.5234909142757914, 0.42169529405258444, 0.499921917399069, 0.5233169886770835, 0.5123313938370752, 0.4998022165726612, 0.5192846693856665, 0.5285981692726975, 0.4108890217551061, 0.5134396072501697, 0.5198573617872262, 0.3795424651426866, 0.49999325149328194, 0.5015723895627363, 0.33629634355244337, 0.19289404721448253, 0.515797392838627, 0.22210377980590854, 0.49964165744539785, 0.5077186739098897, 0.5290639198818302, 0.42154232808705827, 0.26299912716005014, 0.4993633933087964, 0.49808910897597225, 0.5106684894260187, 0.5002862994811805, 0.39335020705977874, 0.46952956503296955, 0.4971835244089372, 0.5129427926306868, 0.5048158015832561, 0.5227077187894388, 0.48724011978919923, 0.44846404615407315, 0.5204789277272551, 0.4982225087889984, 0.512001948982826, 0.5221640702308311, 0.3987945010315291], "METEOR": [0.3198601216254619, 0.8305890167890888, 0.2653090165260416, 0.2215919627791748, 0.6858529636386027, 0.49592254988952345, 0.8341280772275061, 0.6588108506417303, 0.8533640503436958, 0.8594246389787472, 0.6790407765831039, 0.41440899809252546, 0.8594246389787472, 0.6789999247565519, 0.7024202727007203, 0.832979673809451, 0.5679896768075354, 0.6466696600471357, 0.4436299927160829, 0.5054297256632351, 0.6261722629185751, 0.38262295949742653, 0.818073406704013, 0.7861378512287285, 0.36223759858986393, 0.2744903950844372, 0.6903144803479221, 0.3280694121943769, 0.8531608249383342, 0.4995400067843756, 0.6419125535455443, 0.47421942864058675, 0.28219393175227253, 0.5277819687331599, 0.8625674971569178, 0.6082945408012537, 0.8381409448311491, 0.494888335492549, 0.4846368606879349, 0.8746600913909719, 0.49627774581881945, 0.7312295487461123, 0.5525178796996333, 0.565711153615443, 0.5338442111056634, 0.5824377446154858, 0.8577573199561636, 0.5976294330287883, 0.5186795878596068, 0.41500449967344044], "ROUGE": [0.41460612585100914, 0.7393068001179706, 0.3697403658004051, 0.27024786661397937, 0.6631684500531861, 0.5375393762890477, 0.7393467220876808, 0.6542979668629785, 0.7480721014466473, 0.7440107704409706, 0.6672963757656243, 0.49880117385053635, 0.7440197203244882, 0.66771232911886, 0.684427465497327, 0.7400031305597601, 0.6256390764157052, 0.6440370839161125, 0.5217701494714393, 0.5588371898322785, 0.6258298577013683, 0.4769616068178732, 0.7356238464304511, 0.7198723208907519, 0.48459042212189624, 0.42003809156975436, 0.6688035595743818, 0.42401953566760264, 0.7317354846248687, 0.5566403581328568, 0.6452667603511991, 0.5293732082036766, 0.3999434849035739, 0.5680731307722531, 0.7518116012078682, 0.6224927118511194, 0.7402832314575044, 0.5332784731370575, 0.5402144649015533, 0.755778492184052, 0.5831714101244708, 0.6844183431845116, 0.5935156140952808, 0.5804735314797718, 0.5841602885684489, 0.6297816439462478, 0.7503251206788855, 0.6129606780206511, 0.5655522122615404, 0.5004421830640841]}